producto_id,codigo,descripcion,stock_total
4158,800039,"V-STEADY, X CAJA",0.00
4448,800039,V-STEADY X 01 und.,0.00
4160,800039,"V-STEADY, X CAJA",0.00
4159,800039,"V-STEADY, X CAJA",0.00
4585,800039,"V-STEADY, X CAJA",0.00
4287,800039,"V-STEADY, X CAJA",0.00
4161,800039,"V-STEADY, X CAJA",0.00
4513,800039,"V-STEADY, X CAJA",0.00
4103,900016,"WINCH KYPHOPLASTY KIT, 15MM",0.00
4104,900016,"WINCH KYPHOPLASTY KIT, 15MM",0.00
4586,900016,"WINCH KYPHOPLASTY KIT, 15MM",0.00
4109,900016,"WINCH KYPHOPLASTY KIT, 15MM",0.00
4416,900016,"WINCH KYPHOPLASTY KIT, 15MM",0.00
4415,900016B,"WINCH BILATERAL KYPHOPLASTY KIT, 15MM",0.00
4588,900016B,"WINCH BILATERAL KYPHOPLASTY KIT, 15MM",0.00
4516,900016B,"WINCH BILATERAL KYPHOPLASTY KIT, 15MM",0.00
4108,900016B,"WINCH BILATERAL KYPHOPLASTY KIT, 15MM",0.00
4102,900016B,"WINCH BILATERAL KYPHOPLASTY KIT, 15MM",0.00
4139,900129,PICOMIX V,0.00
4136,900129,PICOMIX V,0.00
4587,900129,PICOMIX V,0.00
4137,900129,PICOMIX V,0.00
4138,900129,PICOMIX V,0.00
4515,900129,PICOMIX V,0.00
4449,900129,PicoMix V X 01 und.,0.00
4140,900129,PICOMIX V,0.00
4457,HC-C3B-10-D,CORTICOCANCELLOUS CHIPS 1-4mm 10CC FREEZE DRIED,0.00
4460,HC-C3B-10-D,CORTICOCANCELLOUS CHIPS 1-4mm 10CC FREEZE DRIED,0.00
4456,HC-C3B-10-D,CORTICOCANCELLOUS CHIPS 1-4mm 10CC FREEZE DRIED,0.00
4451,HC-C3B-10-D,CORTICOCANCELLOUS CHIPS 1-4mm 10CC FREEZE DRIED,0.00
4455,HC-C3B-10-D,CORTICOCANCELLOUS CHIPS 1-4mm 10CC FREEZE DRIED,0.00
4459,HC-C3B-10-D,CORTICOCANCELLOUS CHIPS 1-4mm 10CC FREEZE DRIED,0.00
4458,HC-C3B-10-D,CORTICOCANCELLOUS CHIPS 1-4mm 10CC FREEZE DRIED,0.00
4454,HC-C3B-10-D,CORTICOCANCELLOUS CHIPS 1-4mm 10CC FREEZE DRIED,0.00
4452,HC-C3B-10-D,CORTICOCANCELLOUS CHIPS 1-4mm 10CC FREEZE DRIED,0.00
4453,HC-C3B-10-D,CORTICOCANCELLOUS CHIPS 1-4mm 10CC FREEZE DRIED,0.00
4589,HC-C3B-10-D,CORTICOCANCELLOUS CHIPS 1-4mm 10CC FREEZE DRIED,0.00
4517,HC-C3B-10-D,CORTICOCANCELLOUS CHIPS 1-4mm 10CC FREEZE DRIED,0.00
4300,HC-C3B-15-D,CORTICOCANCELLOUS CHIPS 1-4mm 15CC FREEZE DRIED (A),0.00
4468,HC-C3B-15-D,CORTICOCANCELLOUS CHIPS 1-4mm 15CC FREEZE DRIED,0.00
4469,HC-C3B-15-D,CORTICOCANCELLOUS CHIPS 1-4mm 15CC FREEZE DRIED,0.00
4464,HC-C3B-15-D,CORTICOCANCELLOUS CHIPS 1-4mm 15CC FREEZE DRIED,0.00
4297,HC-C3B-15-D,CORTICOCANCELLOUS CHIPS 1-4mm 15CC FREEZE DRIED (A),0.00
4590,HC-C3B-15-D,CORTICOCANCELLOUS CHIPS 1-4mm 15CC FREEZE DRIED (A),0.00
4467,HC-C3B-15-D,CORTICOCANCELLOUS CHIPS 1-4mm 15CC FREEZE DRIED,0.00
4518,HC-C3B-15-D,CORTICOCANCELLOUS CHIPS 1-4mm 15CC FREEZE DRIED (A),0.00
4292,HC-C3B-15-D,CORTICOCANCELLOUS CHIPS 1-4mm 15CC FREEZE DRIED (A),0.00
4301,HC-C3B-15-D,CORTICOCANCELLOUS CHIPS 1-4mm 15CC FREEZE DRIED (A),0.00
4294,HC-C3B-15-D,CORTICOCANCELLOUS CHIPS 1-4mm 15CC FREEZE DRIED (A),0.00
4293,HC-C3B-15-D,CORTICOCANCELLOUS CHIPS 1-4mm 15CC FREEZE DRIED (A),0.00
4298,HC-C3B-15-D,CORTICOCANCELLOUS CHIPS 1-4mm 15CC FREEZE DRIED (A),0.00
4463,HC-C3B-15-D,CORTICOCANCELLOUS CHIPS 1-4mm 15CC FREEZE DRIED,0.00
4470,HC-C3B-15-D,CORTICOCANCELLOUS CHIPS 1-4mm 15CC FREEZE DRIED,0.00
4462,HC-C3B-15-D,CORTICOCANCELLOUS CHIPS 1-4mm 15CC FREEZE DRIED,0.00
4299,HC-C3B-15-D,CORTICOCANCELLOUS CHIPS 1-4mm 15CC FREEZE DRIED (A),0.00
4296,HC-C3B-15-D,CORTICOCANCELLOUS CHIPS 1-4mm 15CC FREEZE DRIED (A),0.00
4465,HC-C3B-15-D,CORTICOCANCELLOUS CHIPS 1-4mm 15CC FREEZE DRIED,0.00
4466,HC-C3B-15-D,CORTICOCANCELLOUS CHIPS 1-4mm 15CC FREEZE DRIED,0.00
4295,HC-C3B-15-D,CORTICOCANCELLOUS CHIPS 1-4mm 15CC FREEZE DRIED (A),0.00
4461,HC-C3B-15-D,CORTICOCANCELLOUS CHIPS 1-4mm 15CC FREEZE DRIED,0.00
4500,HC-C3B-30-D,CORTICOCANCELLOUS CHIPS 1-4mm 30CC FREEZE DRIED,0.00
4304,HC-C3B-30-D,CORTICOCANCELLOUS CHIPS 1-4mm 30CC FREEZE DRIED (A),0.00
4504,HC-C3B-30-D,CORTICOCANCELLOUS CHIPS 1-4mm 30CC FREEZE DRIED,0.00
4491,HC-C3B-30-D,CORTICOCANCELLOUS CHIPS 1-4mm 30CC FREEZE DRIED,0.00
4499,HC-C3B-30-D,CORTICOCANCELLOUS CHIPS 1-4mm 30CC FREEZE DRIED,0.00
4481,HC-C3B-30-D,CORTICOCANCELLOUS CHIPS 1-4mm 30CC FREEZE DRIED,0.00
4519,HC-C3B-30-D,CORTICOCANCELLOUS CHIPS 1-4mm 30CC FREEZE DRIED (A),0.00
4501,HC-C3B-30-D,CORTICOCANCELLOUS CHIPS 1-4mm 30CC FREEZE DRIED,0.00
4306,HC-C3B-30-D,CORTICOCANCELLOUS CHIPS 1-4mm 30CC FREEZE DRIED (A),0.00
4480,HC-C3B-30-D,CORTICOCANCELLOUS CHIPS 1-4mm 30CC FREEZE DRIED,0.00
4307,HC-C3B-30-D,CORTICOCANCELLOUS CHIPS 1-4mm 30CC FREEZE DRIED (A),0.00
4476,HC-C3B-30-D,CORTICOCANCELLOUS CHIPS 1-4mm 30CC FREEZE DRIED,0.00
4505,HC-C3B-30-D,CORTICOCANCELLOUS CHIPS 1-4mm 30CC FREEZE DRIED,0.00
4478,HC-C3B-30-D,CORTICOCANCELLOUS CHIPS 1-4mm 30CC FREEZE DRIED,0.00
4497,HC-C3B-30-D,CORTICOCANCELLOUS CHIPS 1-4mm 30CC FREEZE DRIED,0.00
4506,HC-C3B-30-D,CORTICOCANCELLOUS CHIPS 1-4mm 30CC FREEZE DRIED,0.00
4507,HC-C3B-30-D,CORTICOCANCELLOUS CHIPS 1-4mm 30CC FREEZE DRIED,0.00
4479,HC-C3B-30-D,CORTICOCANCELLOUS CHIPS 1-4mm 30CC FREEZE DRIED,0.00
4488,HC-C3B-30-D,CORTICOCANCELLOUS CHIPS 1-4mm 30CC FREEZE DRIED,0.00
4474,HC-C3B-30-D,CORTICOCANCELLOUS CHIPS 1-4mm 30CC FREEZE DRIED,0.00
4473,HC-C3B-30-D,CORTICOCANCELLOUS CHIPS 1-4mm 30CC FREEZE DRIED,0.00
4489,HC-C3B-30-D,CORTICOCANCELLOUS CHIPS 1-4mm 30CC FREEZE DRIED,0.00
4591,HC-C3B-30-D,CORTICOCANCELLOUS CHIPS 1-4mm 30CC FREEZE DRIED (A),0.00
4483,HC-C3B-30-D,CORTICOCANCELLOUS CHIPS 1-4mm 30CC FREEZE DRIED,0.00
4498,HC-C3B-30-D,CORTICOCANCELLOUS CHIPS 1-4mm 30CC FREEZE DRIED,0.00
4503,HC-C3B-30-D,CORTICOCANCELLOUS CHIPS 1-4mm 30CC FREEZE DRIED,0.00
4485,HC-C3B-30-D,CORTICOCANCELLOUS CHIPS 1-4mm 30CC FREEZE DRIED,0.00
4472,HC-C3B-30-D,CORTICOCANCELLOUS CHIPS 1-4mm 30CC FREEZE DRIED,0.00
4477,HC-C3B-30-D,CORTICOCANCELLOUS CHIPS 1-4mm 30CC FREEZE DRIED,0.00
4310,HC-C3B-30-D,CORTICOCANCELLOUS CHIPS 1-4mm 30CC FREEZE DRIED (A),0.00
4508,HC-C3B-30-D,CORTICOCANCELLOUS CHIPS 1-4mm 30CC FREEZE DRIED,0.00
4502,HC-C3B-30-D,CORTICOCANCELLOUS CHIPS 1-4mm 30CC FREEZE DRIED,0.00
4495,HC-C3B-30-D,CORTICOCANCELLOUS CHIPS 1-4mm 30CC FREEZE DRIED,0.00
4471,HC-C3B-30-D,CORTICOCANCELLOUS CHIPS 1-4mm 30CC FREEZE DRIED,0.00
4493,HC-C3B-30-D,CORTICOCANCELLOUS CHIPS 1-4mm 30CC FREEZE DRIED,0.00
4496,HC-C3B-30-D,CORTICOCANCELLOUS CHIPS 1-4mm 30CC FREEZE DRIED,0.00
4484,HC-C3B-30-D,CORTICOCANCELLOUS CHIPS 1-4mm 30CC FREEZE DRIED,0.00
4482,HC-C3B-30-D,CORTICOCANCELLOUS CHIPS 1-4mm 30CC FREEZE DRIED,0.00
4509,HC-C3B-30-D,CORTICOCANCELLOUS CHIPS 1-4mm 30CC FREEZE DRIED,0.00
4486,HC-C3B-30-D,CORTICOCANCELLOUS CHIPS 1-4mm 30CC FREEZE DRIED,0.00
4309,HC-C3B-30-D,CORTICOCANCELLOUS CHIPS 1-4mm 30CC FREEZE DRIED (A),0.00
4303,HC-C3B-30-D,CORTICOCANCELLOUS CHIPS 1-4mm 30CC FREEZE DRIED (A),0.00
4305,HC-C3B-30-D,CORTICOCANCELLOUS CHIPS 1-4mm 30CC FREEZE DRIED (A),0.00
4487,HC-C3B-30-D,CORTICOCANCELLOUS CHIPS 1-4mm 30CC FREEZE DRIED,0.00
4308,HC-C3B-30-D,CORTICOCANCELLOUS CHIPS 1-4mm 30CC FREEZE DRIED (A),0.00
4490,HC-C3B-30-D,CORTICOCANCELLOUS CHIPS 1-4mm 30CC FREEZE DRIED,0.00
4311,HC-C3B-30-D,CORTICOCANCELLOUS CHIPS 1-4mm 30CC FREEZE DRIED (A),0.00
4302,HC-C3B-30-D,CORTICOCANCELLOUS CHIPS 1-4mm 30CC FREEZE DRIED (A),0.00
4494,HC-C3B-30-D,CORTICOCANCELLOUS CHIPS 1-4mm 30CC FREEZE DRIED,0.00
4510,HC-C3B-30-D,CORTICOCANCELLOUS CHIPS 1-4mm 30CC FREEZE DRIED,0.00
4475,HC-C3B-30-D,CORTICOCANCELLOUS CHIPS 1-4mm 30CC FREEZE DRIED,0.00
4492,HC-C3B-30-D,CORTICOCANCELLOUS CHIPS 1-4mm 30CC FREEZE DRIED,0.00
4317,HC-DBM-P1,DEMINERALIZED BONE MATRIX PUTTY 1cc (B),0.00
4417,HC-DBM-P1,DEMINERALIZED BONE MATRIX PUTTY 1cc (B),0.00
4423,HC-DBM-P1,DEMINERALIZED BONE MATRIX PUTTY 1cc (B),0.00
4421,HC-DBM-P1,DEMINERALIZED BONE MATRIX PUTTY 1cc (B),0.00
4422,HC-DBM-P1,DEMINERALIZED BONE MATRIX PUTTY 1cc (B),0.00
4320,HC-DBM-P1,DEMINERALIZED BONE MATRIX PUTTY 1cc (B),0.00
4419,HC-DBM-P1,DEMINERALIZED BONE MATRIX PUTTY 1cc (B),0.00
4592,HC-DBM-P1,DEMINERALIZED BONE MATRIX PUTTY 1cc (B),0.00
4420,HC-DBM-P1,DEMINERALIZED BONE MATRIX PUTTY 1cc (B),0.00
4321,HC-DBM-P1,DEMINERALIZED BONE MATRIX PUTTY 1cc (B),0.00
4418,HC-DBM-P1,DEMINERALIZED BONE MATRIX PUTTY 1cc (B),0.00
4520,HC-DBM-P1,DEMINERALIZED BONE MATRIX PUTTY 1cc (B),0.00
4318,HC-DBM-P1 ,DEMINERALIZED BONE MATRIX PUTTY 1cc (B),0.00
4319,HC-DBM-P1 ,DEMINERALIZED BONE MATRIX PUTTY 1cc (B),0.00
4313,HC-DBM-P1 ,DEMINERALIZED BONE MATRIX PUTTY 1cc (B),0.00
4315,HC-DBM-P1 ,DEMINERALIZED BONE MATRIX PUTTY 1cc (B),0.00
4314,HC-DBM-P1 ,DEMINERALIZED BONE MATRIX PUTTY 1cc (B),0.00
4312,HC-DBM-P1 ,DEMINERALIZED BONE MATRIX PUTTY 1cc (B),0.00
4316,HC-DBM-P1 ,DEMINERALIZED BONE MATRIX PUTTY 1cc (B),0.00
4428,HC-DBM-P2.5,DEMINERALIZED BONE MATRIX PUTTY 2.5cc (B),0.00
4322,HC-DBM-P2.5,DEMINERALIZED BONE MATRIX PUTTY 2.5cc (B),0.00
4429,HC-DBM-P2.5,DEMINERALIZED BONE MATRIX PUTTY 2.5cc (B),0.00
4425,HC-DBM-P2.5,DEMINERALIZED BONE MATRIX PUTTY 2.5cc (B),0.00
4430,HC-DBM-P2.5,DEMINERALIZED BONE MATRIX PUTTY 2.5cc (B),0.00
4426,HC-DBM-P2.5,DEMINERALIZED BONE MATRIX PUTTY 2.5cc (B),0.00
4427,HC-DBM-P2.5,DEMINERALIZED BONE MATRIX PUTTY 2.5cc (B),0.00
4424,HC-DBM-P2.5,DEMINERALIZED BONE MATRIX PUTTY 2.5cc (B),0.00
4324,HC-DBM-P2.5,DEMINERALIZED BONE MATRIX PUTTY 2.5cc (B),0.00
4431,HC-DBM-P2.5,DEMINERALIZED BONE MATRIX PUTTY 2.5cc (B),0.00
4593,HC-DBM-P2.5,DEMINERALIZED BONE MATRIX PUTTY 2.5cc (B),0.00
4521,HC-DBM-P2.5,DEMINERALIZED BONE MATRIX PUTTY 2.5cc (B),0.00
4327,HC-DBM-P2.5 ,DEMINERALIZED BONE MATRIX PUTTY 2.5cc (B),0.00
4330,HC-DBM-P2.5 ,DEMINERALIZED BONE MATRIX PUTTY 2.5cc (B),0.00
4325,HC-DBM-P2.5 ,DEMINERALIZED BONE MATRIX PUTTY 2.5cc (B),0.00
4329,HC-DBM-P2.5 ,DEMINERALIZED BONE MATRIX PUTTY 2.5cc (B),0.00
4326,HC-DBM-P2.5 ,DEMINERALIZED BONE MATRIX PUTTY 2.5cc (B),0.00
4323,HC-DBM-P2.5 ,DEMINERALIZED BONE MATRIX PUTTY 2.5cc (B),0.00
4328,HC-DBM-P2.5 ,DEMINERALIZED BONE MATRIX PUTTY 2.5cc (B),0.00
4331,HC-DBM-P2.5 ,DEMINERALIZED BONE MATRIX PUTTY 2.5cc (B),0.00
4594,HC-DBM-P5,DEMINERALIZED BONE MATRIX PUTTY 5cc (B),0.00
4439,HC-DBM-P5,DEMINERALIZED BONE MATRIX PUTTY 5cc (B),0.00
4436,HC-DBM-P5,DEMINERALIZED BONE MATRIX PUTTY 5cc (B),0.00
4434,HC-DBM-P5,DEMINERALIZED BONE MATRIX PUTTY 5cc (B),0.00
4341,HC-DBM-P5,DEMINERALIZED BONE MATRIX PUTTY 5cc (B),0.00
4339,HC-DBM-P5,DEMINERALIZED BONE MATRIX PUTTY 5cc (B),0.00
4522,HC-DBM-P5,DEMINERALIZED BONE MATRIX PUTTY 5cc (B),0.00
4433,HC-DBM-P5,DEMINERALIZED BONE MATRIX PUTTY 5cc (B),0.00
4432,HC-DBM-P5,DEMINERALIZED BONE MATRIX PUTTY 5cc (B),0.00
4435,HC-DBM-P5,DEMINERALIZED BONE MATRIX PUTTY 5cc (B),0.00
4437,HC-DBM-P5,DEMINERALIZED BONE MATRIX PUTTY 5cc (B),0.00
4438,HC-DBM-P5,DEMINERALIZED BONE MATRIX PUTTY 5cc (B),0.00
4332,HC-DBM-P5 ,DEMINERALIZED BONE MATRIX PUTTY 5cc (B),0.00
4333,HC-DBM-P5 ,DEMINERALIZED BONE MATRIX PUTTY 5cc (B),0.00
4334,HC-DBM-P5 ,DEMINERALIZED BONE MATRIX PUTTY 5cc (B),0.00
4338,HC-DBM-P5 ,DEMINERALIZED BONE MATRIX PUTTY 5cc (B),0.00
4335,HC-DBM-P5 ,DEMINERALIZED BONE MATRIX PUTTY 5cc (B),0.00
4336,HC-DBM-P5 ,DEMINERALIZED BONE MATRIX PUTTY 5cc (B),0.00
4340,HC-DBM-P5 ,DEMINERALIZED BONE MATRIX PUTTY 5cc (B),0.00
4337,HC-DBM-P5 ,DEMINERALIZED BONE MATRIX PUTTY 5cc (B),0.00
4123,HRF181010,"ANESTHESIA NEEDLES FOR SINGLE USE 18G X 100 X 10MM X
UND (STRAIGHT TIP)",0.00
4124,HRF181010,"ANESTHESIA NEEDLES FOR SINGLE USE 18G X 100 X 10MM X
UND (STRAIGHT TIP)",0.00
4121,HRF181010,"ANESTHESIA NEEDLES FOR SINGLE USE 18G X 100 X 10MM X
UND (STRAIGHT TIP)",0.00
4122,HRF181010,ANESTHESIA NEEDLES FOR SINGLE USE 18G X 100 X 10MM X UND (STRAIGHT TIP),0.00
4595,HRF181010,"ANESTHESIA NEEDLES FOR SINGLE USE 18G X 100 X 10MM X
UND (STRAIGHT TIP)",0.00
4120,HRF181515,"ANESTHESIA NEEDLES FOR SINGLE USE 18G X 150 X 15MM X
UND (STRAIGHT TIP)",0.00
4288,HRF181515,ANESTHESIA NEEDLES FOR SINGLE USE 18G X 150 X 15MM X UND (STRAIGHT TIP),0.00
4596,HRF181515,"ANESTHESIA NEEDLES FOR SINGLE USE 18G X 150 X 15MM X
UND (STRAIGHT TIP)",0.00
4119,HRF181515,"ANESTHESIA NEEDLES FOR SINGLE USE 18G X 150 X 15MM X
UND (STRAIGHT TIP)",0.00
4113,HRF201010,ANESTHESIA NEEDLES FOR SINGLE USE 20G X 100 X 10MM X UND (STRAIGHT TIP),0.00
4111,HRF201010,"ANESTHESIA NEEDLES FOR SINGLE USE 20G X 100 X 10MM X
UND (STRAIGHT TIP)",0.00
4112,HRF201010,ANESTHESIA NEEDLES FOR SINGLE USE 20G X 100 X 10MM X UND (STRAIGHT TIP),0.00
4597,HRF201010,"ANESTHESIA NEEDLES FOR SINGLE USE 20G X 100 X 10MM X
UND (STRAIGHT TIP)",0.00
4110,HRF201010,"ANESTHESIA NEEDLES FOR SINGLE USE 20G X 100 X 10MM X
UND (STRAIGHT TIP)",0.00
4289,HRF201010.,ANESTHESIA NEEDLES FOR SINGLE USE 20G X 100 X 10MM X UND (CURVET TIP),0.00
4129,HRF201010C,"ANESTHESIA NEEDLES FOR SINGLE USE 20G X 100 X 10MM X
UND (CURVET TIP)",0.00
4598,HRF201010C,"ANESTHESIA NEEDLES FOR SINGLE USE 20G X 100 X 10MM X
UND (CURVET TIP)",0.00
4291,HRF201010C,ANESTHESIA NEEDLES FOR SINGLE USE 20G X 100 X 10MM X UND (CURVET TIP),0.00
4105,HRF201010C,"ANESTHESIA NEEDLES FOR SINGLE USE 20G X 100 X 10MM X
UND (CURVET TIP)",0.00
4128,HRF201010C,ANESTHESIA NEEDLES FOR SINGLE USE 20G X 100 X 10MM X UND (CURVET TIP),0.00
4126,HRF201010C.,"ELECTRODO PARA RIZOTOMIA DE FACETA POR
RADIOFRECUENCIA-PARA TERAPIA DEL DOLOR. MARCA TUV
RHEINLAND",0.00
4127,HRF201010C.,"ELECTRODO PARA RIZOTOMIA DE FACETA POR
RADIOFRECUENCIA-PARA TERAPIA DEL DOLOR. MARCA TUV
RHEINLAND",0.00
4115,HRF201515,"ANESTHESIA NEEDLES FOR SINGLE USE 20G X 150 X 15mm X
UND (STRAIGHT TIP)",0.00
4599,HRF201515,"ANESTHESIA NEEDLES FOR SINGLE USE 20G X 150 X 15mm X
UND (STRAIGHT TIP)",0.00
4116,HRF201515,ANESTHESIA NEEDLES FOR SINGLE USE 20G X 150 X 15mm X UND (STRAIGHT TIP),0.00
4117,HRF201515,"ANESTHESIA NEEDLES FOR SINGLE USE 20G X 150 X 15mm X
UND (STRAIGHT TIP)",0.00
4145,OB0810T,"AGUJA PARA ASPIRACIÓN DE MEDULA OSEA - OSTEOBELL T
08GX100MM",0.00
4147,OB0810T,AGUJA PARA ASPIRACIÓN DE MEDULA OSEA - OSTEOBELL T 08GX100MM,0.00
4600,OB0810T,AGUJA PARA BIOPSIA DE MEDULA OSEA DESCARTABLE 08G X 100MM,0.00
4148,OB0810T,"AGUJA PARA ASPIRACIÓN DE MEDULA OSEA - OSTEOBELL T
08GX100MM",0.00
4144,OB0810T,AGUJA PARA ASPIRACIÓN DE MEDULA OSEA - OSTEOBELL T 08GX100MM,0.00
4146,OB0810T,AGUJA PARA ASPIRACIÓN DE MEDULA OSEA - OSTEOBELL T 08GX100MM,0.00
4143,OB1110T,AGUJA PARA ASPIRACIÓN DE MEDULA OSEA - OSTEOBELL T 11GX100MM,0.00
4141,OB1110T,AGUJA PARA ASPIRACIÓN DE MEDULA OSEA - OSTEOBELL T 11GX100MM,0.00
4512,OB1110T,AGUJA PARA ASPIRACIÓN DE MEDULA OSEA - OSTEOBELL T 11GX100MM,0.00
4601,OB1110T,AGUJA BX MEDULA OSEA 11G X 100MM BIOPSYBELL - UNDX1,0.00
4142,OB1110T,AGUJA PARA ASPIRACIÓN DE MEDULA OSEA - OSTEOBELL T 11GX100MM,0.00
4529,OB1110T,AGUJA BX MEDULA OSEA 11G X 100MM BIOPSYBELL - UNDX1,0.00
4149,OB1310T,"AGUJA PARA ASPIRACIÓN DE MEDULA OSEA - OSTEOBELL T
13GX100MM",0.00
4154,OB1310T,"AGUJA PARA ASPIRACIÓN DE MEDULA OSEA - OSTEOBELL T
13GX100MM",0.00
4602,OB1310T,AGUJA PARA BIOPSIA DE MEDULA OSEA DESCARTABLE 13G X 100MM,0.00
4150,OB1310T,"AGUJA PARA ASPIRACIÓN DE MEDULA OSEA - OSTEOBELL T
13GX100MM",0.00
4152,OB1310T,"AGUJA PARA ASPIRACIÓN DE MEDULA OSEA - OSTEOBELL T
13GX100MM",0.00
4151,OB1310T,"AGUJA PARA ASPIRACIÓN DE MEDULA OSEA - OSTEOBELL T
13GX100MM",0.00
4153,OB1310T,"AGUJA PARA ASPIRACIÓN DE MEDULA OSEA - OSTEOBELL T
13GX100MM",0.00
4402,SF1310,ANAX 5.5 SET SCREW X UND,0.00
4236,SF1310,ANAX 5.5 SET SCREW X UND,0.00
4348,SF1310,ANAX 5.5 SET SCREW X UND,0.00
4237,SF1310,ANAX 5.5 SET SCREW X UND,0.00
4238,SF1310,ANAX 5.5 SET SCREW X UND,0.00
4243,SF1310,ANAX 5.5 SET SCREW X UNIDAD,0.00
4603,SF1310,ANAX 5.5 SET SCREW X UND,0.00
4244,SF1310,ANAX 5.5 SET SCREW X UNIDAD ,0.00
4410,SF1911,CONNECTOR FOR D5.5/6.0 ROD-STD. W TYPE X UND,0.00
4604,SF1911,CONNECTOR FOR D5.5/6.0 ROD-STD. W TYPE X UND,0.00
4409,SF1911,CONNECTOR FOR D5.5/6.0 ROD-STD. W TYPE X UND,0.00
4411,SF1911,CONNECTOR FOR D5.5/6.0 ROD-STD. W TYPE X UND,0.00
4408,SF1911,CONNECTOR FOR D5.5/6.0 ROD-STD. W TYPE X UND,0.00
4605,SF5050TC,5.5mm Ti CURVED ROD - 50mm X UND,0.00
4406,SF5050TC,5.5mm Ti CURVED ROD - 50mm X UND,0.00
4405,SF5050TC,5.5mm Ti CURVED ROD - 50mm X UND,0.00
4361,SFA4030,ANAX 5.5 POLYAXIAL SCREW - 4.0x30mm X UND,0.00
4245,SFA4035,ANAX 5.5 POLYAXIAL SCREW - 4.0x35mm X UNIDAD ,0.00
4246,SFA4035,ANAX 5.5 POLYAXIAL SCREW - 4.0x35mm X UNIDAD,0.00
4211,SFA4035,ANAX 5.5 POLYAXIAL SCREW - 4.0x35mm X UND,0.00
4362,SFA4035,ANAX 5.5 POLYAXIAL SCREW - 4.0x35mm X UND,0.00
4213,SFA4035,ANAX 5.5 POLYAXIAL SCREW - 4.0x35mm X UND,0.00
4606,SFA4035,ANAX 5.5 POLYAXIAL SCREW - 4.0x35mm X UND,0.00
4212,SFA4035 ,ANAX 5.5 POLYAXIAL SCREW - 4.0x35mm X UND,0.00
4247,SFA4040,ANAX 5.5 POLYAXIAL SCREW - 4.0x40mm X UNIDAD,0.00
4607,SFA4040,ANAX 5.5 POLYAXIAL SCREW - 4.0x40mm X UNIDAD,0.00
4248,SFA4040,ANAX 5.5 POLYAXIAL SCREW - 4.0x40mm X UNIDAD,0.00
4441,SFA4040,ANAX 5.5 POLYAXIAL SCREW - 4.0x40mm X UND,0.00
4214,SFA5030,ANAX 5.5 POLYAXIAL SCREW - 5.0x30mm X UND,0.00
4358,SFA5030,ANAX 5.5 POLYAXIAL SCREW - 5.0x30mm X UND,0.00
4608,SFA5030,ANAX 5.5 POLYAXIAL SCREW - 5.0x30mm X UND,0.00
4272,SFA5030,ANAX 5.5 POLYAXIAL SCREW - 5.0x30mm X UNIDAD ,0.00
4249,SFA5030,ANAX 5.5 POLYAXIAL SCREW - 5.0x30mm X UNIDAD,0.00
4273,SFA5035,ANAX 5.5 POLYAXIAL SCREW - 5.0x35mm X UNIDAD ,0.00
4215,SFA5035,ANAX 5.5 POLYAXIAL SCREW - 5.0x35mm X UND,0.00
4609,SFA5035,ANAX 5.5 POLYAXIAL SCREW - 5.0x35mm X UND,0.00
4444,SFA5035,ANAX 5.5 POLYAXIAL SCREW - 5.0x35mm X UND,0.00
4250,SFA5040,ANAX 5.5 POLYAXIAL SCREW - 5.0x40mm X UNIDAD,0.00
4610,SFA5040,ANAX 5.5 POLYAXIAL SCREW - 5.0x40mm X UND,0.00
4343,SFA5040,ANAX 5.5 POLYAXIAL SCREW - 5.0x40mm X UND,0.00
4274,SFA5040,ANAX 5.5 POLYAXIAL SCREW - 5.0x40mm X UNIDAD ,0.00
4353,SFA5040,ANAX 5.5 POLYAXIAL SCREW - 5.0x40mm X UND,0.00
4216,SFA5040,ANAX 5.5 POLYAXIAL SCREW - 5.0x40mm X UND,0.00
4275,SFA5040,ANAX 5.5 POLYAXIAL SCREW - 5.0x40mm X UNIDAD ,0.00
4277,SFA5045,ANAX 5.5 POLYAXIAL SCREW - 5.0x45mm X UNIDAD ,0.00
4218,SFA5045,ANAX 5.5 POLYAXIAL SCREW - 5.0x45mm X UND,0.00
4611,SFA5045,ANAX 5.5 POLYAXIAL SCREW - 5.0x45mm X UND,0.00
4276,SFA5045,ANAX 5.5 POLYAXIAL SCREW - 5.0x45mm X UNIDAD ,0.00
4251,SFA5045,ANAX 5.5 POLYAXIAL SCREW - 5.0x45mm X UNIDAD,0.00
4511,SFA5045,ANAX 5.5 POLYAXIAL SCREW - 5.0x45mm X UND,0.00
4217,SFA5045,ANAX 5.5 POLYAXIAL SCREW - 5.0x45mm X UND,0.00
4252,SFA6035,ANAX 5.5 POLYAXIAL SCREW - 6.0x35mm X UNIDAD,0.00
4219,SFA6035,ANAX 5.5 POLYAXIAL SCREW - 6.0x35mm X UND,0.00
4612,SFA6035,ANAX 5.5 POLYAXIAL SCREW - 6.0x35mm X UND,0.00
4278,SFA6040,ANAX 5.5 POLYAXIAL SCREW - 6.0x40mm X UNIDAD 25J24018,0.00
4613,SFA6040,ANAX 5.5 POLYAXIAL SCREW - 6.0x40mm X UND,0.00
4167,SFA6040,ANAX 5.5 POLYAXIAL SCREW - 6.0x40mm X UND,0.00
4253,SFA6040,ANAX 5.5 POLYAXIAL SCREW - 6.0x40mm X UNIDAD,0.00
4442,SFA6040,ANAX 5.5 POLYAXIAL SCREW - 6.0x40mm X UND,0.00
4168,SFA6040,ANAX 5.5 POLYAXIAL SCREW - 6.0x40mm X UND,0.00
4279,SFA6045,ANAX 5.5 POLYAXIAL SCREW - 6.0x45mm X UNIDAD,0.00
4614,SFA6045,ANAX 5.5 POLYAXIAL SCREW - 6.0x45mm X UND,0.00
4221,SFA6045,ANAX 5.5 POLYAXIAL SCREW - 6.0x45mm X UND,0.00
4220,SFA6045,ANAX 5.5 POLYAXIAL SCREW - 6.0x45mm X UND,0.00
4344,SFA6045,ANAX 5.5 POLYAXIAL SCREW - 6.0x45mm X UND,0.00
4254,SFA6045,ANAX 5.5 POLYAXIAL SCREW - 6.0x45mm X UNIDAD,0.00
4222,SFA6050,ANAX 5.5 POLYAXIAL SCREW - 6.0x50mm X UND,0.00
4350,SFA6050,ANAX 5.5 POLYAXIAL SCREW - 6.0x50mm X UND,0.00
4615,SFA6050,ANAX 5.5 POLYAXIAL SCREW - 6.0x50mm X UND,0.00
4256,SFA6050,ANAX 5.5 POLYAXIAL SCREW - 6.0x50mm X UNIDAD,0.00
4255,SFA6050,ANAX 5.5 POLYAXIAL SCREW - 6.0x50mm X UNIDAD,0.00
4351,SFA7040,ANAX 5.5 POLYAXIAL SCREW - 7.0x40mm X UND,0.00
4363,SFA7045,ANAX 5.5 POLYAXIAL SCREW - 7.0x45mm X UND,0.00
4616,SFA7045,ANAX 5.5 POLYAXIAL SCREW - 7.0x45mm X UND,0.00
4544,SFA7045,ANAX 5.5 POLYAXIAL SCREW - 7.0x45mm X UND,0.00
4169,SFA7045,ANAX 5.5 POLYAXIAL SCREW - 7.0x45mm X UND,0.00
4171,SFA7055,ANAX 5.5 POLYAXIAL SCREW - 7.0x55mm X UND,0.00
4617,SFA7055,ANAX 5.5 POLYAXIAL SCREW - 7.0x55mm X UND,0.00
4170,SFA7055,ANAX 5.5 POLYAXIAL SCREW - 7.0x55mm X UND,0.00
4618,SFD5480HCS,5.5mm SINGLE HEX ENDED CoCr S-ROD-480mm X UND,0.00
4241,SFD5480HCS,5.5mm SINGLE HEX ENDED CoCr S-ROD-480mm X UND,0.00
4257,SFD5480HCS,5.5mm SINGLE HEX ENDED CoCr S-ROD-480mm X UNIDAD,0.00
4242,SFD5480HCS,5.5mm SINGLE HEX ENDED CoCr S-ROD-480mm X UND,0.00
4619,SFD5480HTS,5.5mm SINGLE HEX ENDED Ti S-ROD-480mm X UND,0.00
4349,SFD5480HTS,5.5mm SINGLE HEX ENDED Ti S-ROD-480mm X UND,0.00
4239,SFD5480HTS,5.5mm SINGLE HEX ENDED Ti S-ROD-480mm X UND,0.00
4258,SFD5480HTS,5.5mm SINGLE HEX ENDED Ti S-ROD-480mm X UNIDAD ,0.00
4240,SFD5480HTS,5.5mm SINGLE HEX ENDED Ti S-ROD-480mm X UND,0.00
4173,SFMS5040,ANAX 5.5 MONOAXIAL SCREW - 5.0x40mm,0.00
4259,SFMS5040,ANAX 5.5 MONOAXIAL SCREW - 5.0x40mm X UNIDAD,0.00
4620,SFMS5040,ANAX 5.5 MONOAXIAL SCREW - 5.0x40mm,0.00
4621,SFMS6040,ANAX 5.5 MONOAXIAL SCREW - 6.0x40mm,0.00
4175,SFMS6040,ANAX 5.5 MONOAXIAL SCREW - 6.0x40mm,0.00
4260,SFMS6040,ANAX 5.5 MONOAXIAL SCREW - 6.0x40mm X UNIDAD,0.00
4174,SFMS6040,ANAX 5.5 MONOAXIAL SCREW - 6.0x40mm,0.00
4622,SFN5045MS,ANAX 5.5 MONOAXIAL SCREW - 5.0x45mm X UND,0.00
4380,SFN5045MS,ANAX 5.5 MONOAXIAL SCREW - 5.0x45mm X UND,0.00
4381,SFN5045MS,ANAX 5.5 MONOAXIAL SCREW - 5.0x45mm X UND,0.00
4382,SFN5045MS,ANAX 5.5 MONOAXIAL SCREW - 5.0x45mm X UND,0.00
4226,SFRA4040,ANAX 5.5 POLY-REDUCTION SCREW - 4.0x40mm X UND,0.00
4225,SFRA4040,ANAX 5.5 POLY-REDUCTION SCREW - 4.0x40mm X UND,0.00
4623,SFRA4040,ANAX 5.5 POLY-REDUCTION SCREW - 4.0x40mm X UND,0.00
4366,SFRA4040,ANAX 5.5 POLY-REDUCTION SCREW - 4.0x40mm X UND,0.00
4367,SFRA4040,ANAX 5.5 POLY-REDUCTION SCREW - 4.0x40mm X UND,0.00
4227,SFRA5035,ANAX 5.5 POLY-REDUCTION SCREW - 5.0x35mm X UND,0.00
4624,SFRA5035,ANAX 5.5 POLY-REDUCTION SCREW - 5.0x35mm X UND,0.00
4262,SFRA5035,ANAX 5.5 POLY-REDUCTION SCREW - 5.0x35mm X UNIDAD,0.00
4345,SFRA5035,ANAX 5.5 POLY-REDUCTION SCREW - 5.0x35mm X UND,0.00
4357,SFRA5040,ANAX 5.5 POLY-REDUCTION SCREW - 5.0x40mm X UND,0.00
4228,SFRA5040,ANAX 5.5 POLY-REDUCTION SCREW - 5.0x40mm X UND,0.00
4263,SFRA5040,ANAX 5.5 POLY-REDUCTION SCREW - 5.0x40mm X UNIDAD ,0.00
4229,SFRA5040,ANAX 5.5 POLY-REDUCTION SCREW - 5.0x40mm X UND,0.00
4625,SFRA5040,ANAX 5.5 POLY-REDUCTION SCREW - 5.0x40mm X UND,0.00
4369,SFRA5045,ANAX 5.5 POLY-REDUCTION SCREW - 5.0x45mm X UND,0.00
4626,SFRA5045,ANAX 5.5 POLY-REDUCTION SCREW - 5.0x45mm X UND,0.00
4230,SFRA5045,ANAX 5.5 POLY-REDUCTION SCREW - 5.0x45mm X UND,0.00
4231,SFRA5050,ANAX 5.5 POLY-REDUCTION SCREW - 5.0x50mm X UND,0.00
4627,SFRA5050,ANAX 5.5 POLY-REDUCTION SCREW - 5.0x50mm X UND,0.00
4232,SFRA5050,ANAX 5.5 POLY-REDUCTION SCREW - 5.0x50mm X UND,0.00
4556,SFRA6035,ANAX 5.5 POLY-REDUCTION SCREW - 6.0x35mm X UND,0.00
4359,SFRA6035,ANAX 5.5 POLY-REDUCTION SCREW - 6.0x35mm X UND,0.00
4628,SFRA6035,ANAX 5.5 POLY-REDUCTION SCREW - 6.0x35mm X UND,0.00
4172,SFRA6035,ANAX 5.5 POLY-REDUCTION SCREW - 6.0x35mm X UND,0.00
4347,SFRA6040,ANAX 5.5 POLY-REDUCTION SCREW - 6.0x40mm X UND,0.00
4629,SFRA6040,ANAX 5.5 POLY-REDUCTION SCREW - 6.0x40mm X UND,0.00
4233,SFRA6040,ANAX 5.5 POLY-REDUCTION SCREW - 6.0x40mm X UND,0.00
4355,SFRA6040,ANAX 5.5 POLY-REDUCTION SCREW - 6.0x40mm X UND,0.00
4346,SFRA6040,ANAX 5.5 POLY-REDUCTION SCREW - 6.0x40mm X UND,0.00
4234,SFRA6040,ANAX 5.5 POLY-REDUCTION SCREW - 6.0x40mm X UND,0.00
4557,SFRA6040,ANAX 5.5 POLY-REDUCTION SCREW - 6.0x40mm X UND,0.00
4235,SFRA6045,ANAX 5.5 POLY-REDUCTION SCREW - 6.0x45mm X UND,0.00
4558,SFRA6045,ANAX 5.5 POLY-REDUCTION SCREW - 6.0x45mm X UND,0.00
4370,SFRA6045,ANAX 5.5 POLY-REDUCTION SCREW - 6.0x45mm X UND,0.00
4354,SFRA6045,ANAX 5.5 POLY-REDUCTION SCREW - 6.0x45mm X UND,0.00
4630,SFRA6045,ANAX 5.5 POLY-REDUCTION SCREW - 6.0x45mm X UND,0.00
4373,SFRA7035,ANAX 5.5 POLY-REDUCTION SCREW - 7.0x35mm X UND,0.00
4631,SFRA7035,ANAX 5.5 POLY-REDUCTION SCREW - 7.0x35mm X UND,0.00
4374,SFRA7035,ANAX 5.5 POLY-REDUCTION SCREW - 7.0x35mm X UND,0.00
4378,SFRA7050,ANAX 5.5 POLY-REDUCTION SCREW - 7.0x50mm X UND,0.00
4632,SFRA7050,ANAX 5.5 POLY-REDUCTION SCREW - 7.0x50mm X UND,0.00
4377,SFRA7050,ANAX 5.5 POLY-REDUCTION SCREW - 7.0x50mm X UND,0.00
4412,SFTA1410,T LINK COLLET 33-40mm for 5.5mm ROD X UND,0.00
4264,SFTA1410,T-LINK COLLETX UNIDAD ,0.00
4633,SFTA1410,T-LINK COLLETX UNIDAD ,0.00
4413,SFTA1420,T LINK COLLET 40-50mm for 5.5mm ROD X UND,0.00
4265,SFTA1420,T-LINK COLLET X UNIDAD,0.00
4634,SFTA1420,T-LINK COLLET X UNIDAD,0.00
4208,SFTA1430,T LINK COLLET 50-60mm for 5.5mm ROD X UND,0.00
4266,SFTA1430,T-LINK COLLET X UNIDAD,0.00
4635,SFTA1430,T LINK COLLET 50-60mm for 5.5mm ROD X UND,0.00
4414,SFTA1440,T LINK COLLET 60-70mm for 5.5mm ROD X UND,0.00
4268,SFTA1440,T-LINK COLLET X UNIDAD ,0.00
4267,SFTA1440,T-LINK COLLET X UNIDAD ,0.00
4636,SFTA1440,T-LINK COLLET X UNIDAD ,0.00
4637,SFTA1450,T-LINK COLLET X UNIDAD ,0.00
4270,SFTA1450,T-LINK COLLET X UNIDAD ,0.00
4269,SFTA1450,T-LINK COLLET X UNIDAD ,0.00
4360,SFUA5035,ANAX 5.5. UNIPLANAR SCREW - 5.0x35mm X UND,0.00
4280,SFUA5035,ANAX 5.5 UNIPLANAR SCREW-5.0x35 X UNIDAD ,0.00
4638,SFUA5035,ANAX 5.5. UNIPLANAR SCREW - 5.0x35mm X UND,0.00
4176,SFUA5035,ANAX 5.5. UNIPLANAR SCREW - 5.0x35mm X UND,0.00
4281,SFUA5040,ANAX 5.5 UNIPLANAR SCREW-5.0x40 X UNIDAD ,0.00
4178,SFUA5040,ANAX 5.5. UNIPLANAR SCREW - 5.0x40mm X UND,0.00
4639,SFUA5040,ANAX 5.5. UNIPLANAR SCREW - 5.0x40mm X UND,0.00
4177,SFUA5040,ANAX 5.5. UNIPLANAR SCREW - 5.0x40mm X UND,0.00
4445,SFUA5045,ANAX 5.5. UNIPLANAR SCREW - 5.0x45mm X UND,0.00
4179,SFUA5045,ANAX 5.5. UNIPLANAR SCREW - 5.0x45mm X UND,0.00
4640,SFUA5045,ANAX 5.5. UNIPLANAR SCREW - 5.0x45mm X UND,0.00
4282,SFUA5045,ANAX 5.5 UNIPLANAR SCREW-5.0x45 X UNIDAD ,0.00
4284,SFUA6040,ANAX 5.5 UNIPLANAR SCREW-6.0x40 X UNIDAD ,0.00
4569,SFUA6040,ANAX 5.5. UNIPLANAR SCREW - 6.0x40mm X UND,0.00
4181,SFUA6040,ANAX 5.5. UNIPLANAR SCREW - 6.0x40mm X UND,0.00
4180,SFUA6040,ANAX 5.5. UNIPLANAR SCREW - 6.0x40mm X UND,0.00
4641,SFUA6040,ANAX 5.5. UNIPLANAR SCREW - 6.0x40mm X UND,0.00
4342,SFUA6040,ANAX 5.5. UNIPLANAR SCREW - 6.0x40mm X UND,0.00
4182,SFUA6045,ANAX 5.5. UNIPLANAR SCREW - 6.0x45mm X UND,0.00
4642,SFUA6045,ANAX 5.5. UNIPLANAR SCREW - 6.0x45mm X UND,0.00
4285,SFUA6045,ANAX 5.5 UNIPLANAR SCREW-6.0x45 X UNIDAD,0.00
4286,SFUA6045,ANAX 5.5 UNIPLANAR SCREW-6.0x45 X UNIDAD ,0.00
4446,SFUA6045,ANAX 5.5. UNIPLANAR SCREW - 6.0x45mm X UND,0.00
4643,SFUA6050,ANAX 5.5. UNIPLANAR SCREW - 6.0x50mm X UND,0.00
4183,SFUA6050,ANAX 5.5. UNIPLANAR SCREW - 6.0x50mm X UND,0.00
4271,SFUA6050,ANAX 5.5 UNIPLANAR SCREW-6.0x50 X UNIDAD,0.00
4352,SFUA6050,ANAX 5.5. UNIPLANAR SCREW - 6.0x50mm X UND,0.00
4194,TS3512FD,SELF DRILLING Ti SCREW D3.5x12mm X UND,0.00
4195,TS3512FD,SELF DRILLING Ti SCREW D3.5x12mm X UND,0.00
4644,TS3512FD,SELF DRILLING Ti SCREW D3.5x12mm X UND,0.00
4392,TS3513FD,SELF DRILLING Ti SCREW D3.5x13mm X UND,0.00
4645,TS3513FD,SELF DRILLING Ti SCREW D3.5x13mm X UND,0.00
4196,TS3513FD,SELF DRILLING Ti SCREW D3.5x13mm X UND,0.00
4198,TS3514FD,SELF DRILLING Ti SCREW D3.5x14mm X UND,0.00
4646,TS3514FD,SELF DRILLING Ti SCREW D3.5x14mm X UND,0.00
4197,TS3514FD,SELF DRILLING Ti SCREW D3.5x14mm X UND,0.00
4393,TS3514FD,SELF DRILLING Ti SCREW D3.5x14mm X UND,0.00
4647,TS3515FD,SELF DRILLING Ti SCREW D3.5x15mm X UND,0.00
4199,TS3515FD,SELF DRILLING Ti SCREW D3.5x15mm X UND,0.00
4395,TS3515FD,SELF DRILLING Ti SCREW D3.5x15mm X UND,0.00
4396,TS3515FD,SELF DRILLING Ti SCREW D3.5x15mm X UND,0.00
4394,TS3515FD,SELF DRILLING Ti SCREW D3.5x15mm X UND,0.00
4648,TSA1000,Ti LOCKING PLATE ASSY X UND,0.00
4385,TSA1000,Ti LOCKING PLATE ASSY X UND,0.00
4185,TSA1000,Ti LOCKING PLATE ASSY X UND,0.00
4184,TSA1000,Ti LOCKING PLATE ASSY X UND,0.00
4386,TSA6205,VELOFIX N-SACC-16x12x5mm X UND,0.00
4186,TSA6205,VELOFIX N-SACC-16x12x5mm X UND,0.00
4649,TSA6205,VELOFIX N-SACC-16x12x5mm X UND,0.00
4650,TSA6206,VELOFIX N-SACC-16x12x6mm X UND,0.00
4387,TSA6206,VELOFIX N-SACC-16x12x6mm X UND,0.00
4187,TSA6206,VELOFIX N-SACC-16x12x6mm X UND,0.00
4651,TSA6207,VELOFIX N-SACC-16x12x7mm X UND,0.00
4188,TSA6207,VELOFIX N-SACC-16x12x7mm X UND,0.00
4388,TSA6207,VELOFIX N-SACC-16x12x7mm X UND,0.00
4189,TSA6405,VELOFIX N-SACC-16x14x5mm X UND,0.00
4190,TSA6405,VELOFIX N-SACC-16x14x5mm X UND,0.00
4652,TSA6405,VELOFIX N-SACC-16x14x5mm X UND,0.00
4653,TSA6406,VELOFIX N-SACC-16x14x6mm X UND,0.00
4192,TSA6406,VELOFIX N-SACC-16x14x6mm X UND,0.00
4191,TSA6406,VELOFIX N-SACC-16x14x6mm X UND,0.00
4193,TSA6407,VELOFIX N-SACC-16x14x7mm X UND,0.00
4390,TSA6407,VELOFIX N-SACC-16x14x7mm X UND,0.00
4654,TSA6407,VELOFIX N-SACC-16x14x7mm X UND,0.00
4440,VK01 111505,VERTEBROPLASTY KIT,0.00
4655,VK01 111505,VERTEBROPLASTY KIT,0.00
4450,VK01 111505,Vertebroplasty Kit x 01 und.,0.00
4132,VK01111505,VERTEBROPLASTY KIT,0.00
4135,VK01111505,VERTEBROPLASTY KIT,0.00
4133,VK01111505,VERTEBROPLASTY KIT,0.00
4134,VK01111505,VERTEBROPLASTY KIT,0.00
4656,VV111908,"BIOPSY KIT, X CAJA",0.00
4163,VV111908,"BIOPSY KIT, X CAJA",0.00
4106,VV111908,"BIOPSY KIT, X CAJA",0.00
